-- phpMyAdmin SQL Dump
-- version 4.8.4
-- https://www.phpmyadmin.net/
--
-- Host: 127.0.0.1
-- Generation Time: Apr 09, 2019 at 04:52 PM
-- Server version: 10.1.37-MariaDB
-- PHP Version: 7.1.26

SET SQL_MODE = "NO_AUTO_VALUE_ON_ZERO";
SET AUTOCOMMIT = 0;
START TRANSACTION;
SET time_zone = "+00:00";


/*!40101 SET @OLD_CHARACTER_SET_CLIENT=@@CHARACTER_SET_CLIENT */;
/*!40101 SET @OLD_CHARACTER_SET_RESULTS=@@CHARACTER_SET_RESULTS */;
/*!40101 SET @OLD_COLLATION_CONNECTION=@@COLLATION_CONNECTION */;
/*!40101 SET NAMES utf8mb4 */;

--
-- Database: `bdt`
--

-- --------------------------------------------------------

--
-- Table structure for table `barang`
--

CREATE TABLE `barang` (
  `id_barang` int(11) NOT NULL,
  `nama_barang` varchar(50) NOT NULL,
  `stok` int(11) NOT NULL,
  `harga_pokok` double NOT NULL,
  `harga_jual` double NOT NULL,
  `ppn` int(11) NOT NULL
) ENGINE=InnoDB DEFAULT CHARSET=latin1;

--
-- Dumping data for table `barang`
--

INSERT INTO `barang` (`id_barang`, `nama_barang`, `stok`, `harga_pokok`, `harga_jual`, `ppn`) VALUES
(0, 'sabun satu', 5, 10000, 12000, 100),
(1, 'deterjen', 200, 20000, 23000, 2000),
(10, 'shampo', 100, 1000, 1200, 100);

-- --------------------------------------------------------

--
-- Table structure for table `distributor`
--

CREATE TABLE `distributor` (
  `id_distributor` int(11) NOT NULL,
  `nama_distributor` varchar(50) NOT NULL,
  `alamat` varchar(50) NOT NULL,
  `telepon` varchar(50) NOT NULL
) ENGINE=InnoDB DEFAULT CHARSET=latin1;

--
-- Dumping data for table `distributor`
--

INSERT INTO `distributor` (`id_distributor`, `nama_distributor`, `alamat`, `telepon`) VALUES
(1, 'distributor satu', 'jogja', '0812XXXX'),
(2, 'distributor DUA', 'padang', '0812XXXX'),
(3, 'distributor tiga', 'sleman', '0812XXXX');

-- --------------------------------------------------------

--
-- Table structure for table `kasir`
--

CREATE TABLE `kasir` (
  `id_kasir` int(11) NOT NULL,
  `nama` varchar(50) NOT NULL,
  `alamat` varchar(50) NOT NULL,
  `telepon` varchar(50) NOT NULL,
  `status` varchar(50) NOT NULL,
  `username` varchar(50) NOT NULL,
  `password` varchar(50) NOT NULL,
  `akses` varchar(50) NOT NULL
) ENGINE=InnoDB DEFAULT CHARSET=latin1;

--
-- Dumping data for table `kasir`
--

INSERT INTO `kasir` (`id_kasir`, `nama`, `alamat`, `telepon`, `status`, `username`, `password`, `akses`) VALUES
(1, 'kasir satu', 'padang', '0812XXXX', 'kasir', 'kasir1', 'kasir1', 'kasir'),
(2, 'kasir dua', 'jogja', '0812XXXX', 'kasir', 'kasir2', 'kasir2', 'kasir');

-- --------------------------------------------------------

--
-- Table structure for table `pasok`
--

CREATE TABLE `pasok` (
  `id_pasok` int(11) NOT NULL,
  `id_distributor` int(11) NOT NULL,
  `id_barang` int(11) NOT NULL,
  `jumlah` int(11) NOT NULL,
  `tanggal` date NOT NULL
) ENGINE=InnoDB DEFAULT CHARSET=latin1;

--
-- Dumping data for table `pasok`
--

INSERT INTO `pasok` (`id_pasok`, `id_distributor`, `id_barang`, `jumlah`, `tanggal`) VALUES
(1, 1, 0, 100, '2019-04-03'),
(2, 3, 10, 100, '2019-04-10'),
(4, 1, 1, 200, '2019-04-09');

-- --------------------------------------------------------

--
-- Table structure for table `penjualan`
--

CREATE TABLE `penjualan` (
  `id_penjualan` int(11) NOT NULL,
  `id_barang` int(11) NOT NULL,
  `id_kasir` int(11) NOT NULL,
  `jumlah` int(11) NOT NULL,
  `total` double NOT NULL,
  `tanggal` date NOT NULL
) ENGINE=InnoDB DEFAULT CHARSET=latin1;

--
-- Dumping data for table `penjualan`
--

INSERT INTO `penjualan` (`id_penjualan`, `id_barang`, `id_kasir`, `jumlah`, `total`, `tanggal`) VALUES
(1, 0, 1, 10, 10000, '2019-04-09'),
(2, 0, 2, 5, 5000, '2019-04-09'),
(3, 1, 2, 10, 230000, '2019-04-09'),
(4, 10, 1, 23, 20000, '2019-04-09');

--
-- Indexes for dumped tables
--

--
-- Indexes for table `barang`
--
ALTER TABLE `barang`
  ADD PRIMARY KEY (`id_barang`);

--
-- Indexes for table `distributor`
--
ALTER TABLE `distributor`
  ADD PRIMARY KEY (`id_distributor`);

--
-- Indexes for table `kasir`
--
ALTER TABLE `kasir`
  ADD PRIMARY KEY (`id_kasir`);

--
-- Indexes for table `pasok`
--
ALTER TABLE `pasok`
  ADD PRIMARY KEY (`id_pasok`),
  ADD KEY `id_distributor` (`id_distributor`),
  ADD KEY `id_barang` (`id_barang`);

--
-- Indexes for table `penjualan`
--
ALTER TABLE `penjualan`
  ADD PRIMARY KEY (`id_penjualan`),
  ADD KEY `id_kasir` (`id_kasir`),
  ADD KEY `id_barang` (`id_barang`);

--
-- AUTO_INCREMENT for dumped tables
--

--
-- AUTO_INCREMENT for table `distributor`
--
ALTER TABLE `distributor`
  MODIFY `id_distributor` int(11) NOT NULL AUTO_INCREMENT, AUTO_INCREMENT=4;

--
-- AUTO_INCREMENT for table `kasir`
--
ALTER TABLE `kasir`
  MODIFY `id_kasir` int(11) NOT NULL AUTO_INCREMENT, AUTO_INCREMENT=3;

--
-- AUTO_INCREMENT for table `pasok`
--
ALTER TABLE `pasok`
  MODIFY `id_pasok` int(11) NOT NULL AUTO_INCREMENT, AUTO_INCREMENT=5;

--
-- AUTO_INCREMENT for table `penjualan`
--
ALTER TABLE `penjualan`
  MODIFY `id_penjualan` int(11) NOT NULL AUTO_INCREMENT, AUTO_INCREMENT=5;

--
-- Constraints for dumped tables
--

--
-- Constraints for table `pasok`
--
ALTER TABLE `pasok`
  ADD CONSTRAINT `pasok_ibfk_1` FOREIGN KEY (`id_distributor`) REFERENCES `distributor` (`id_distributor`),
  ADD CONSTRAINT `pasok_ibfk_2` FOREIGN KEY (`id_barang`) REFERENCES `barang` (`id_barang`);

--
-- Constraints for table `penjualan`
--
ALTER TABLE `penjualan`
  ADD CONSTRAINT `penjualan_ibfk_1` FOREIGN KEY (`id_kasir`) REFERENCES `kasir` (`id_kasir`),
  ADD CONSTRAINT `penjualan_ibfk_2` FOREIGN KEY (`id_barang`) REFERENCES `barang` (`id_barang`);
COMMIT;

/*!40101 SET CHARACTER_SET_CLIENT=@OLD_CHARACTER_SET_CLIENT */;
/*!40101 SET CHARACTER_SET_RESULTS=@OLD_CHARACTER_SET_RESULTS */;
/*!40101 SET COLLATION_CONNECTION=@OLD_COLLATION_CONNECTION */;
